AAA, 27.45, 29.35, 25.55
AAM, 10.5, 11.2, 9.77
ABT, 36.5, 39.05, 33.95
ACC, 21.2, 22.65, 19.75
ACL, 8.3, 8.88, 7.72
ADS, 16.4, 17.5, 15.3
AGF, 6.11, 6.53, 5.69
AGM, 8.95, 9.57, 8.33
AGR, 5.56, 5.94, 5.18
AMD, 4.85, 5.18, 4.52
ANV, 21.0, 22.45, 19.55
APC, 50.2, 53.7, 46.7
APG, 6.04, 6.46, 5.62
ASM, 11.3, 12.05, 10.55
ASP, 7.65, 8.18, 7.12
AST, 83.5, 89.3, 77.7
ATG, 2.5, 2.67, 2.33
BBC, 84.0, 89.8, 78.2
BCE, 5.91, 6.32, 5.5
BCG, 6.24, 6.67, 5.81
BFC, 35.65, 38.1, 33.2
BHN, 138.5, 148.1, 128.9
BIC, 36.0, 38.5, 33.5
BID, 39.0, 41.7, 36.3
BMC, 14.5, 15.5, 13.5
BMI, 32.95, 35.25, 30.65
BMP, 78.9, 84.4, 73.4
BRC, 9.5, 10.15, 8.84
BSI, 13.65, 14.6, 12.7
BTP, 11.3, 12.05, 10.55
BTT, 36.8, 39.35, 34.25
BVH, 84.2, 90.0, 78.4
BWE, 28.0, 29.95, 26.05
C32, 36.5, 39.05, 33.95
C47, 13.25, 14.15, 12.35
CAV, 52.3, 55.9, 48.65
CCI, 14.45, 15.45, 13.45
CCL, 4.56, 4.87, 4.25
CDC, 18.0, 19.25, 16.75
CDO, 1.44, 1.54, 1.34
CEE, 20.75, 22.2, 19.3
CHP, 25.2, 26.95, 23.45
CIG, 2.41, 2.57, 2.25
CII, 33.0, 35.3, 30.7
CLC, 36.5, 39.05, 33.95
CLG, 3.85, 4.11, 3.59
CLL, 28.0, 29.95, 26.05
CLW, 19.0, 20.3, 17.7
CMG, 26.1, 27.9, 24.3
CMT, 9.3, 9.95, 8.65
CMV, 23.0, 24.6, 21.4
CMX, 4.7, 5.02, 4.38
CNG, 30.1, 32.2, 28.0
COM, 59.0, 63.1, 54.9
CSM, 14.8, 15.8, 13.8
CSV, 42.5, 45.45, 39.55
CTD, 167.1, 178.7, 155.5
CTF, 19.4, 20.75, 18.05
CTG, 35.55, 38.0, 33.1
CTI, 35.0, 37.45, 32.55
CTS, 13.85, 14.8, 12.9
CVT, 46.9, 50.1, 43.65
D2D, 68.7, 73.5, 63.9
DAG, 8.86, 9.48, 8.24
DAH, 4.55, 4.86, 4.24
DAT, 19.7, 21.05, 18.35
DCL, 20.0, 21.4, 18.6
DCM, 13.05, 13.95, 12.15
DGW, 24.9, 26.6, 23.2
DHA, 29.2, 31.2, 27.2
DHC, 42.5, 45.45, 39.55
DHG, 98.5, 105.3, 91.7
DHM, 3.37, 3.6, 3.14
DIC, 6.09, 6.51, 5.67
DIG, 27.6, 29.5, 25.7
DLG, 3.38, 3.61, 3.15
DMC, 102.9, 110.1, 95.7
DPM, 23.45, 25.05, 21.85
DPR, 40.8, 43.65, 37.95
DQC, 36.8, 39.35, 34.25
DRC, 28.05, 30.0, 26.1
DRH, 18.55, 19.8, 17.3
DRL, 54.4, 58.2, 50.6
DSN, 57.7, 61.7, 53.7
DTA, 7.98, 8.53, 7.43
DTL, 54.0, 57.7, 50.3
DTT, 10.2, 10.9, 9.49
DVP, 62.3, 66.6, 58.0
DXG, 36.15, 38.65, 33.65
DXV, 4.38, 4.68, 4.08
E1VFVN30, 18.3, 19.58, 17.02
EIB, 15.0, 16.05, 13.95
ELC, 13.2, 14.1, 12.3
EMC, 15.3, 16.35, 14.25
EVE, 17.9, 19.15, 16.65
EVG, 6.4, 6.84, 5.96
FCM, 5.77, 6.17, 5.37
FCN, 22.0, 23.5, 20.5
FDC, 19.4, 20.75, 18.05
FIT, 6.93, 7.41, 6.45
FLC, 5.87, 6.28, 5.46
FMC, 31.5, 33.7, 29.3
FPT, 60.8, 65.0, 56.6
FTM, 14.4, 15.4, 13.4
FTS, 15.65, 16.7, 14.6
FUCTVGF1, 13.9, 14.85, 12.95
FUCVREIT, 11.85, 12.65, 11.05
FUESSV50, 14.92, 15.96, 13.88
GAS, 118.2, 126.4, 110.0
GDT, 48.9, 52.3, 45.5
GEX, 34.75, 37.15, 32.35
GIL, 43.7, 46.75, 40.65
GMC, 27.6, 29.5, 25.7
GMD, 32.1, 34.3, 29.9
GSP, 13.5, 14.4, 12.6
GTA, 13.9, 14.85, 12.95
GTN, 11.45, 12.25, 10.65
HAG, 7.41, 7.92, 6.9
HAH, 17.8, 19.0, 16.6
HAI, 4.84, 5.17, 4.51
HAP, 3.9, 4.17, 3.63
HAR, 11.9, 12.7, 11.1
HAS, 9.5, 10.15, 8.84
HAX, 37.6, 40.2, 35.0
HBC, 45.7, 48.85, 42.55
HCD, 8.28, 8.85, 7.71
HCM, 76.8, 82.1, 71.5
HDB, 44.0, 47.05, 40.95
HDC, 13.8, 14.75, 12.85
HDG, 49.0, 52.4, 45.6
HHS, 4.15, 4.44, 3.86
HID, 3.72, 3.98, 3.46
HII, 24.5, 26.2, 22.8
HLG, 10.4, 11.1, 9.68
HMC, 14.9, 15.9, 13.9
HNG, 8.8, 9.41, 8.19
HOT, 18.0, 19.25, 16.75
HPG, 61.8, 66.1, 57.5
HQC, 2.31, 2.47, 2.15
HRC, 27.8, 29.7, 25.9
HSG, 23.9, 25.55, 22.25
HT1, 15.5, 16.55, 14.45
HTI, 15.75, 16.85, 14.65
HTL, 31.65, 33.85, 29.45
HTT, 3.15, 3.37, 2.93
HTV, 16.2, 17.3, 15.1
HU1, 8.5, 9.09, 7.91
HU3, 11.8, 12.6, 11.0
HVG, 5.86, 6.27, 5.45
HVX, 3.8, 4.06, 3.54
IBC, 28.1, 30.05, 26.15
ICF, 1.78, 1.9, 1.66
IDI, 15.4, 16.45, 14.35
IJC, 9.17, 9.81, 8.53
IMP, 63.0, 67.4, 58.6
ITA, 3.09, 3.3, 2.88
ITC, 14.5, 15.5, 13.5
ITD, 11.2, 11.95, 10.45
JVC, 4.83, 5.16, 4.5
KAC, 14.65, 15.65, 13.65
KBC, 14.0, 14.95, 13.05
KDC, 40.3, 43.1, 37.5
KDH, 35.4, 37.85, 32.95
KHA, 30.0, 32.1, 27.9
KHP, 10.05, 10.75, 9.35
KMR, 4.18, 4.47, 3.89
KPF, 32.5, 34.75, 30.25
KSA, 0.84, 0.89, 0.79
KSB, 40.5, 43.3, 37.7
KSH, 1.88, 2.01, 1.75
L10, 16.3, 17.4, 15.2
LAF, 10.9, 11.65, 10.15
LBM, 34.0, 36.35, 31.65
LCG, 9.98, 10.65, 9.29
LCM, 0.95, 1.01, 0.89
LDG, 25.0, 26.75, 23.25
LEC, 18.9, 20.2, 17.6
LGC, 18.8, 20.1, 17.5
LGL, 9.3, 9.95, 8.65
LHG, 23.35, 24.95, 21.75
LIX, 48.0, 51.3, 44.65
LM8, 23.5, 25.1, 21.9
LSS, 9.77, 10.45, 9.09
MBB, 34.8, 37.2, 32.4
MCG, 3.57, 3.81, 3.33
MCP, 25.15, 26.9, 23.4
MDG, 13.0, 13.9, 12.1
MHC, 6.1, 6.52, 5.68
MSN, 94.0, 100.5, 87.5
MWG, 115.0, 123.0, 107.0
NAF, 15.7, 16.75, 14.65
NAV, 5.6, 5.99, 5.21
NBB, 25.0, 26.75, 23.25
NCT, 101.0, 108.0, 94.0
NKG, 32.4, 34.65, 30.15
NLG, 34.9, 37.3, 32.5
NNC, 52.6, 56.2, 48.95
NSC, 113.4, 121.3, 105.5
NT2, 30.0, 32.1, 27.9
NTL, 9.54, 10.2, 8.88
NVL, 78.9, 84.4, 73.4
NVT, 4.66, 4.98, 4.34
OGC, 2.03, 2.17, 1.89
OPC, 59.5, 63.6, 55.4
PAC, 47.0, 50.2, 43.75
PAN, 65.5, 70.0, 61.0
PC1, 34.2, 36.55, 31.85
PDN, 85.9, 91.9, 79.9
PDR, 40.5, 43.3, 37.7
PET, 10.5, 11.2, 9.77
PGC, 17.1, 18.25, 15.95
PGD, 38.8, 41.5, 36.1
PGI, 20.0, 21.4, 18.6
PHR, 49.8, 53.2, 46.35
PIT, 6.5, 6.95, 6.05
PJT, 12.3, 13.15, 11.45
PLP, 23.0, 24.6, 21.4
PLX, 81.2, 86.8, 75.6
PME, 83.0, 88.8, 77.2
PMG, 22.65, 24.2, 21.1
PNC, 16.1, 17.2, 15.0
PNJ, 172.4, 184.4, 160.4
POM, 18.5, 19.75, 17.25
PPC, 18.9, 20.2, 17.6
PPI, 1.6, 1.71, 1.49
PTB, 111.5, 119.3, 103.7
PTC, 6.1, 6.52, 5.68
PTL, 3.77, 4.03, 3.51
PVD, 21.1, 22.55, 19.65
PVT, 18.9, 20.2, 17.6
PXI, 2.26, 2.41, 2.11
PXS, 7.45, 7.97, 6.93
PXT, 3.76, 4.02, 3.5
QBS, 6.0, 6.42, 5.58
QCG, 14.2, 15.15, 13.25
RAL, 135.1, 144.5, 125.7
RDP, 21.7, 23.2, 20.2
REE, 40.8, 43.65, 37.95
RIC, 6.9, 7.38, 6.42
ROS, 138.0, 147.6, 128.4
S4A, 26.0, 27.8, 24.2
SAB, 214.6, 229.6, 199.6
SAM, 7.65, 8.18, 7.12
SAV, 10.1, 10.8, 9.4
SBA, 16.0, 17.1, 14.9
SBT, 19.3, 20.65, 17.95
SBV, 33.0, 35.3, 30.7
SC5, 24.1, 25.75, 22.45
SCD, 25.6, 27.35, 23.85
SCR, 12.15, 13.0, 11.3
SFC, 24.0, 25.65, 22.35
SFG, 13.1, 14.0, 12.2
SFI, 29.0, 31.0, 27.0
SGR, 29.0, 31.0, 27.0
SGT, 6.6, 7.06, 6.14
SHA, 7.28, 7.78, 6.78
SHI, 6.55, 7.0, 6.1
SHP, 22.8, 24.35, 21.25
SII, 19.9, 21.25, 18.55
SJD, 23.4, 25.0, 21.8
SJF, 15.25, 16.3, 14.2
SJS, 31.3, 33.45, 29.15
SKG, 27.3, 29.2, 25.4
SMA, 11.3, 12.05, 10.55
SMC, 28.05, 30.0, 26.1
SPM, 14.9, 15.9, 13.9
SRC, 14.8, 15.8, 13.8
SRF, 18.5, 19.75, 17.25
SSC, 68.2, 72.9, 63.5
SSI, 39.2, 41.9, 36.5
ST8, 19.0, 20.3, 17.7
STB, 16.05, 17.15, 14.95
STG, 20.5, 21.9, 19.1
STK, 16.0, 17.1, 14.9
STT, 9.0, 9.63, 8.37
SVC, 47.0, 50.2, 43.75
SVI, 45.9, 49.1, 42.7
SVT, 6.38, 6.82, 5.94
SZL, 34.9, 37.3, 32.5
TAC, 50.7, 54.2, 47.2
TBC, 25.0, 26.75, 23.25
TCD, 18.6, 19.9, 17.3
TCH, 21.75, 23.25, 20.25
TCL, 27.5, 29.4, 25.6
TCM, 26.0, 27.8, 24.2
TCO, 12.9, 13.8, 12.0
TCR, 3.35, 3.58, 3.12
TCT, 71.0, 75.9, 66.1
TDC, 8.83, 9.44, 8.22
TDG, 12.6, 13.45, 11.75
TDH, 15.65, 16.7, 14.6
TDW, 20.75, 22.2, 19.3
TEG, 9.0, 9.63, 8.37
THG, 37.5, 40.1, 34.9
THI, 42.0, 44.9, 39.1
TIE, 9.15, 9.79, 8.51
TIP, 15.3, 16.35, 14.25
TIX, 32.5, 34.75, 30.25
TLD, 25.1, 26.85, 23.35
TLG, 101.9, 109.0, 94.8
TLH, 12.1, 12.9, 11.3
TMP, 32.5, 34.75, 30.25
TMS, 43.0, 46.0, 40.0
TMT, 8.59, 9.19, 7.99
TNA, 38.05, 40.7, 35.4
TNC, 12.05, 12.85, 11.25
TNI, 6.49, 6.94, 6.04
TNT, 2.7, 2.88, 2.52
TPC, 10.7, 11.4, 9.96
TRA, 106.0, 113.4, 98.6
TRC, 29.0, 31.0, 27.0
TS4, 7.87, 8.42, 7.32
TSC, 2.55, 2.72, 2.38
TTF, 6.3, 6.74, 5.86
TV1, 16.55, 17.7, 15.4
TVS, 12.8, 13.65, 11.95
TVT, 22.0, 23.5, 20.5
TYA, 11.5, 12.3, 10.7
UDC, 3.65, 3.9, 3.4
UIC, 29.5, 31.55, 27.45
VAF, 10.9, 11.65, 10.15
VCB, 73.8, 78.9, 68.7
VCF, 181.1, 193.7, 168.5
VCI, 89.1, 95.3, 82.9
VDP, 36.3, 38.8, 33.8
VDS, 14.2, 15.15, 13.25
VFG, 34.55, 36.95, 32.15
VHC, 56.5, 58.3, 50.7
VHG, 0.99, 1.05, 0.93
VIC, 102.5, 109.6, 95.4
VID, 12.75, 13.6, 11.9
VIP, 7.14, 7.63, 6.65
VIS, 34.5, 36.9, 32.1
VJC, 206.5, 220.9, 192.1
VMD, 20.75, 22.2, 19.3
VND, 28.35, 30.3, 26.4
VNE, 7.31, 7.82, 6.8
VNG, 16.8, 17.95, 15.65
VNL, 19.3, 20.65, 17.95
VNM, 213.0, 227.9, 198.1
VNS, 14.5, 15.5, 13.5
VOS, 2.9, 3.1, 2.7
VPB, 64.5, 69.0, 60.0
VPD, 14.8, 15.8, 13.8
VPG, 19.6, 20.95, 18.25
VPH, 9.33, 9.98, 8.68
VPK, 6.3, 6.74, 5.86
VPS, 17.4, 18.6, 16.2
VRC, 19.2, 20.5, 17.9
VRE, 53.5, 57.2, 49.8
VSC, 44.3, 47.4, 41.2
VSH, 17.9, 19.15, 16.65
VSI, 24.7, 26.4, 23.0
VTB, 17.2, 18.4, 16.0
VTO, 8.5, 9.09, 7.91
ACB, 49.2, 54.1, 44.3
ACM, 1.2, 1.3, 1.1
ADC, 15.6, 17.1, 14.1
ALT, 12.5, 13.7, 11.3
ALV, 9.4, 10.3, 8.5
AMC, 23.6, 25.9, 21.3
AME, 15.2, 16.7, 13.7
AMV, 16.4, 18.0, 14.8
API, 26.0, 28.6, 23.4
APP, 9.9, 10.8, 9.0
APS, 3.0, 3.3, 2.7
ARM, 51.3, 56.4, 46.2
ASA, 3.2, 3.5, 2.9
ATS, 41.7, 45.8, 37.6
B82, 2.4, 2.6, 2.2
BAX, 24.5, 26.9, 22.1
BBS, 8.8, 9.6, 8.0
BCC, 7.3, 8.0, 6.6
BDB, 3.5, 3.8, 3.2
BED, 34.0, 37.4, 30.6
BHT, 4.0, 4.4, 3.6
BII, 1.1, 1.2, 1.0
BKC, 9.1, 10.0, 8.2
BLF, 3.5, 3.8, 3.2
BPC, 17.0, 18.7, 15.3
BSC, 14.4, 15.8, 13.0
BST, 10.1, 11.1, 9.1
BTS, 4.6, 5.0, 4.2
BTW, 15.9, 17.4, 14.4
BVS, 19.0, 20.9, 17.1
BXH, 14.9, 16.3, 13.5
C69, 4.6, 5.0, 4.2
C92, 10.0, 11.0, 9.0
CAG, 40.0, 44.0, 36.0
CAN, 28.0, 30.8, 25.2
CAP, 33.5, 36.8, 30.2
CCM, 25.0, 27.5, 22.5
CDN, 17.9, 19.6, 16.2
CEO, 10.7, 11.7, 9.7
CET, 3.9, 4.2, 3.6
CIA, 50.9, 55.9, 45.9
CJC, 23.5, 25.8, 21.2
CKV, 20.0, 22.0, 18.0
CLH, 14.5, 15.9, 13.1
CLM, 17.6, 19.3, 15.9
CMC, 5.6, 6.1, 5.1
CMI, 1.5, 1.6, 1.4
CMS, 4.0, 4.4, 3.6
CPC, 38.5, 42.3, 34.7
CSC, 26.1, 28.7, 23.5
CT6, 6.5, 7.1, 5.9
CTA, 0.7, 0.8, 0.6
CTB, 32.5, 35.7, 29.3
CTC, 3.9, 4.2, 3.6
CTP, 8.4, 9.2, 7.6
CTT, 6.3, 6.9, 5.7
CTX, 27.2, 29.9, 24.5
CVN, 7.3, 8.0, 6.6
CX8, 9.9, 10.8, 9.0
D11, 15.0, 16.5, 13.5
DAD, 18.4, 20.2, 16.6
DAE, 17.1, 18.8, 15.4
DBC, 24.9, 27.3, 22.5
DBT, 15.8, 17.3, 14.3
DC2, 6.5, 7.1, 5.9
DC4, 11.4, 12.5, 10.3
DCS, 1.9, 2.0, 1.8
DGC, 33.3, 36.6, 30.0
DGL, 33.4, 36.7, 30.1
DHP, 11.5, 12.6, 10.4
DHT, 65.0, 71.5, 58.5
DID, 5.0, 5.5, 4.5
DIH, 11.4, 12.5, 10.3
DL1, 45.5, 50.0, 41.0
DLR, 9.4, 10.3, 8.5
DNC, 35.0, 38.5, 31.5
DNM, 19.0, 20.9, 17.1
DNP, 19.5, 21.4, 17.6
DNY, 6.4, 7.0, 5.8
DP3, 69.0, 75.9, 62.1
DPC, 13.8, 15.1, 12.5
DPS, 2.0, 2.2, 1.8
DS3, 15.5, 17.0, 14.0
DST, 3.4, 3.7, 3.1
DTD, 12.5, 13.7, 11.3
DXP, 14.0, 15.4, 12.6
DZM, 3.0, 3.3, 2.7
EBS, 10.6, 11.6, 9.6
ECI, 12.6, 13.8, 11.4
EID, 13.9, 15.2, 12.6
FDT, 39.2, 43.1, 35.3
FID, 2.6, 2.8, 2.4
GKM, 13.4, 14.7, 12.1
GLT, 69.8, 76.7, 62.9
GMX, 25.0, 27.5, 22.5
HAD, 47.5, 52.2, 42.8
HAT, 38.6, 42.4, 34.8
HBE, 9.0, 9.9, 8.1
HBS, 2.6, 2.8, 2.4
HCC, 16.4, 18.0, 14.8
HCT, 20.2, 22.2, 18.2
HDA, 8.3, 9.1, 7.5
HEV, 11.8, 12.9, 10.7
HGM, 39.6, 43.5, 35.7
HHC, 91.3, 100.4, 82.2
HHG, 6.1, 6.7, 5.5
HJS, 22.3, 24.5, 20.1
HKB, 2.3, 2.5, 2.1
HKT, 2.5, 2.7, 2.3
HLC, 7.6, 8.3, 6.9
HLD, 16.9, 18.5, 15.3
HLY, 15.4, 16.9, 13.9
HMH, 10.2, 11.2, 9.2
HNM, 3.9, 4.2, 3.6
HOM, 4.2, 4.6, 3.8
HPM, 15.7, 17.2, 14.2
HST, 6.8, 7.4, 6.2
HTC, 27.5, 30.2, 24.8
HTP, 5.1, 5.6, 4.6
HUT, 9.0, 9.9, 8.1
HVA, 3.9, 4.2, 3.6
HVT, 46.0, 50.6, 41.4
ICG, 6.3, 6.9, 5.7
IDJ, 2.8, 3.0, 2.6
IDV, 32.8, 36.0, 29.6
INC, 13.2, 14.5, 11.9
INN, 62.0, 68.2, 55.8
ITQ, 2.9, 3.1, 2.7
IVS, 8.8, 9.6, 8.0
KDM, 2.7, 2.9, 2.5
KHB, 0.8, 0.9, 0.7
KHL, 0.3, 0.4, 0.2
KHS, 13.9, 15.2, 12.6
KKC, 15.2, 16.7, 13.7
KLF, 2.6, 2.8, 2.4
KMT, 8.8, 9.6, 8.0
KSD, 4.0, 4.4, 3.6
KSK, 1.1, 1.2, 1.0
KSQ, 1.8, 1.9, 1.7
KST, 16.5, 18.1, 14.9
KTS, 22.2, 24.4, 20.0
KTT, 5.9, 6.4, 5.4
KVC, 2.9, 3.1, 2.7
L14, 55.9, 61.4, 50.4
L18, 9.4, 10.3, 8.5
L35, 5.0, 5.5, 4.5
L43, 3.5, 3.8, 3.2
L44, 1.8, 1.9, 1.7
L61, 16.6, 18.2, 15.0
L62, 7.5, 8.2, 6.8
LAS, 14.0, 15.4, 12.6
LBE, 16.0, 17.6, 14.4
LCD, 6.3, 6.9, 5.7
LCS, 4.3, 4.7, 3.9
LDP, 29.6, 32.5, 26.7
LHC, 56.0, 61.6, 50.4
LIG, 3.9, 4.2, 3.6
LM7, 3.3, 3.6, 3.0
LO5, 4.7, 5.1, 4.3
LTC, 3.3, 3.6, 3.0
LUT, 2.4, 2.6, 2.2
MAC, 7.8, 8.5, 7.1
MAS, 79.2, 87.1, 71.3
MBG, 2.7, 2.9, 2.5
MBS, 18.4, 20.2, 16.6
MCC, 13.8, 15.1, 12.5
MCF, 14.8, 16.2, 13.4
MCO, 2.1, 2.3, 1.9
MDC, 4.9, 5.3, 4.5
MEC, 3.0, 3.3, 2.7
MEL, 8.9, 9.7, 8.1
MHL, 6.1, 6.7, 5.5
MIM, 14.8, 16.2, 13.4
MKV, 11.8, 12.9, 10.7
MLS, 8.1, 8.9, 7.3
MNC, 4.4, 4.8, 4.0
MPT, 2.8, 3.0, 2.6
MSC, 13.0, 14.3, 11.7
MST, 3.2, 3.5, 2.9
NAG, 6.2, 6.8, 5.6
NBC, 7.4, 8.1, 6.7
NBP, 15.0, 16.5, 13.5
NBW, 16.7, 18.3, 15.1
NDF, 2.8, 3.0, 2.6
NDN, 13.6, 14.9, 12.3
NDX, 14.0, 15.4, 12.6
NET, 24.7, 27.1, 22.3
NFC, 9.5, 10.4, 8.6
NGC, 12.0, 13.2, 10.8
NHA, 10.7, 11.7, 9.7
NHC, 34.0, 37.4, 30.6
NHP, 1.9, 2.0, 1.8
NSH, 9.5, 10.4, 8.6
NST, 16.0, 17.6, 14.4
NTP, 65.8, 72.3, 59.3
NVB, 8.7, 9.5, 7.9
OCH, 4.6, 5.0, 4.2
ONE, 5.2, 5.7, 4.7
ORS, 2.6, 2.8, 2.4
PBP, 12.0, 13.2, 10.8
PCE, 10.5, 11.5, 9.5
PCG, 10.8, 11.8, 9.8
PCN, 3.3, 3.6, 3.0
PCT, 8.8, 9.6, 8.0
PDB, 10.5, 11.5, 9.5
PDC, 5.0, 5.5, 4.5
PEN, 8.1, 8.9, 7.3
PGS, 32.0, 35.2, 28.8
PGT, 3.8, 4.1, 3.5
PHC, 16.8, 18.4, 15.2
PHP, 13.1, 14.4, 11.8
PIC, 16.3, 17.9, 14.7
PIV, 5.4, 5.9, 4.9
PJC, 30.6, 33.6, 27.6
PLC, 21.5, 23.6, 19.4
PMB, 9.0, 9.9, 8.1
PMC, 66.1, 72.7, 59.5
PMP, 18.3, 20.1, 16.5
PMS, 16.8, 18.4, 15.2
POT, 19.0, 20.9, 17.1
PPE, 13.6, 14.9, 12.3
PPP, 11.5, 12.6, 10.4
PPS, 8.8, 9.6, 8.0
PPY, 17.0, 18.7, 15.3
PRC, 18.5, 20.3, 16.7
PSC, 16.0, 17.6, 14.4
PSD, 16.0, 17.6, 14.4
PSE, 8.8, 9.6, 8.0
PSI, 4.4, 4.8, 4.0
PSW, 8.8, 9.6, 8.0
PTD, 14.9, 16.3, 13.5
PTI, 23.0, 25.3, 20.7
PTS, 6.0, 6.6, 5.4
PV2, 3.0, 3.3, 2.7
PVB, 15.1, 16.6, 13.6
PVC, 9.0, 9.9, 8.1
PVE, 7.5, 8.2, 6.8
PVG, 9.9, 10.8, 9.0
PVI, 42.3, 46.5, 38.1
PVL, 2.3, 2.5, 2.1
PVS, 22.8, 25.0, 20.6
PVV, 1.4, 1.5, 1.3
PVX, 2.2, 2.4, 2.0
PXA, 1.2, 1.3, 1.1
QHD, 15.9, 17.4, 14.4
QNC, 2.8, 3.0, 2.6
QST, 11.8, 12.9, 10.7
QTC, 22.1, 24.3, 19.9
RCL, 18.9, 20.7, 17.1
S55, 22.0, 24.2, 19.8
S74, 5.6, 6.1, 5.1
S99, 4.8, 5.2, 4.4
SAF, 54.0, 59.4, 48.6
SAP, 6.5, 7.1, 5.9
SCI, 9.0, 9.9, 8.1
SCJ, 3.3, 3.6, 3.0
SCL, 3.4, 3.7, 3.1
SD2, 4.7, 5.1, 4.3
SD4, 9.5, 10.4, 8.6
SD5, 9.9, 10.8, 9.0
SD6, 6.6, 7.2, 6.0
SD7, 3.6, 3.9, 3.3
SD9, 8.3, 9.1, 7.5
SDA, 3.0, 3.3, 2.7
SDC, 15.9, 17.4, 14.4
SDD, 1.9, 2.0, 1.8
SDE, 3.6, 3.9, 3.3
SDG, 20.0, 22.0, 18.0
SDN, 35.0, 38.5, 31.5
SDP, 2.7, 2.9, 2.5
SDT, 7.6, 8.3, 6.9
SDU, 11.7, 12.8, 10.6
SEB, 50.0, 55.0, 45.0
SED, 18.4, 20.2, 16.6
SFN, 35.5, 39.0, 32.0
SGC, 59.0, 64.9, 53.1
SGD, 10.5, 11.5, 9.5
SGH, 39.5, 43.4, 35.6
SGO, 1.0, 1.1, 0.9
SHB, 13.0, 14.3, 11.7
SHN, 9.9, 10.8, 9.0
SHS, 23.7, 26.0, 21.4
SIC, 12.0, 13.2, 10.8
SJ1, 24.0, 26.4, 21.6
SJC, 13.4, 14.7, 12.1
SJE, 23.8, 26.1, 21.5
SLS, 141.0, 155.1, 126.9
SMN, 10.5, 11.5, 9.5
SMT, 20.8, 22.8, 18.8
SPI, 2.9, 3.1, 2.7
SPP, 6.9, 7.5, 6.3
SRA, 10.2, 11.2, 9.2
SSM, 13.5, 14.8, 12.2
STC, 29.0, 31.9, 26.1
STP, 5.5, 6.0, 5.0
SVN, 2.4, 2.6, 2.2
TA9, 13.2, 14.5, 11.9
TAG, 34.9, 38.3, 31.5
TBX, 8.5, 9.3, 7.7
TC6, 5.1, 5.6, 4.6
TCS, 5.0, 5.5, 4.5
TDN, 5.5, 6.0, 5.0
TET, 26.4, 29.0, 23.8
TFC, 5.4, 5.9, 4.9
TH1, 5.0, 5.5, 4.5
THB, 17.0, 18.7, 15.3
THS, 8.5, 9.3, 7.7
THT, 6.5, 7.1, 5.9
TIG, 3.8, 4.1, 3.5
TJC, 6.7, 7.3, 6.1
TKC, 26.5, 29.1, 23.9
TKU, 13.2, 14.5, 11.9
TMB, 8.6, 9.4, 7.8
TMC, 13.4, 14.7, 12.1
TMX, 7.7, 8.4, 7.0
TNG, 15.2, 16.7, 13.7
TPH, 7.3, 8.0, 6.6
TPP, 11.0, 12.1, 9.9
TSB, 8.8, 9.6, 8.0
TST, 4.9, 5.3, 4.5
TTB, 11.3, 12.4, 10.2
TTC, 19.2, 21.1, 17.3
TTH, 4.4, 4.8, 4.0
TTL, 9.8, 10.7, 8.9
TTT, 53.8, 59.1, 48.5
TTZ, 4.7, 5.1, 4.3
TV2, 238.0, 261.8, 214.2
TV3, 28.0, 30.8, 25.2
TV4, 16.0, 17.6, 14.4
TVC, 9.7, 10.6, 8.8
TVD, 5.0, 5.5, 4.5
TXM, 8.8, 9.6, 8.0
UNI, 6.6, 7.2, 6.0
V12, 11.0, 12.1, 9.9
V21, 19.4, 21.3, 17.5
VAT, 2.9, 3.1, 2.7
VBC, 24.6, 27.0, 22.2
VC1, 12.0, 13.2, 10.8
VC2, 14.3, 15.7, 12.9
VC3, 19.9, 21.8, 18.0
VC6, 8.3, 9.1, 7.5
VC7, 17.5, 19.2, 15.8
VC9, 13.5, 14.8, 12.2
VCC, 11.3, 12.4, 10.2
VCG, 24.4, 26.8, 22.0
VCM, 14.5, 15.9, 13.1
VCR, 3.1, 3.4, 2.8
VCS, 249.4, 274.3, 224.5
VDL, 27.6, 30.3, 24.9
VE1, 19.9, 21.8, 18.0
VE2, 11.4, 12.5, 10.3
VE3, 10.5, 11.5, 9.5
VE4, 9.9, 10.8, 9.0
VE8, 9.9, 10.8, 9.0
VE9, 7.7, 8.4, 7.0
VGC, 23.9, 26.2, 21.6
VGP, 24.0, 26.4, 21.6
VGS, 10.5, 11.5, 9.5
VHL, 47.0, 51.7, 42.3
VIE, 8.0, 8.8, 7.2
VIG, 3.4, 3.7, 3.1
VIT, 13.8, 15.1, 12.5
VIX, 10.5, 11.5, 9.5
VKC, 7.0, 7.7, 6.3
VLA, 10.7, 11.7, 9.7
VMC, 48.5, 53.3, 43.7
VMI, 3.0, 3.3, 2.7
VMS, 12.6, 13.8, 11.4
VNC, 38.5, 42.3, 34.7
VNF, 56.4, 62.0, 50.8
VNR, 23.6, 25.9, 21.3
VNT, 23.1, 25.4, 20.8
VPI, 37.8, 41.5, 34.1
VSA, 19.0, 20.9, 17.1
VSM, 14.0, 15.4, 12.6
VTC, 9.9, 10.8, 9.0
VTH, 13.2, 14.5, 11.9
VTJ, 7.4, 8.1, 6.7
VTL, 30.3, 33.3, 27.3
VTS, 14.0, 15.4, 12.6
VTV, 14.1, 15.5, 12.7
VXB, 10.7, 11.7, 9.7
WCS, 155.3, 170.8, 139.8
WSS, 3.6, 3.9, 3.3
X20, 25.9, 28.4, 23.4
ABC, 15.4, 17.7, 13.1
ABI, 26.2, 30.1, 22.3
AC4, 13.6, 19.0, 8.2
ACE, 27.8, 31.9, 23.7
ACS, 14.1, 16.2, 12.0
ACV, 96.3, 110.7, 81.9
ADP, 23.2, 26.6, 19.8
AFC, 10.0, 14.0, 6.0
AFX, 4.7, 5.4, 4.0
AG1, 12.0, 16.8, 7.2
AGP, 30.4, 34.9, 25.9
AGX, 26.7, 37.3, 16.1
AMP, 16.2, 18.6, 13.8
AMS, 7.9, 9.0, 6.8
ANT, 10.3, 11.8, 8.8
APF, 43.8, 50.3, 37.3
APL, 16.8, 23.5, 10.1
ART, 9.4, 10.8, 8.0
ASD, 0.9, 1.0, 0.8
ATA, 1.3, 1.4, 1.2
ATB, 1.6, 1.8, 1.4
AUM, 10.6, 14.8, 6.4
AVC, 28.8, 33.1, 24.5
AVF, 0.4, 0.5, 0.3
BAB, 22.9, 26.3, 19.5
BAL, 25.2, 28.9, 21.5
BBM, 12.6, 14.4, 10.8
BCM, 19.1, 21.9, 16.3
BCP, 5.1, 5.8, 4.4
BDF, 16.5, 23.1, 9.9
BDG, 27.0, 31.0, 23.0
BDP, 10.0, 14.0, 6.0
BDT, 13.0, 14.9, 11.1
BDW, 15.1, 17.3, 12.9
BEL, 7.1, 9.9, 4.3
BGW, 10.0, 11.5, 8.5
BHA, 12.0, 13.8, 10.2
BHC, 3.6, 4.1, 3.1
BHP, 10.1, 11.6, 8.6
BHV, 4.9, 5.6, 4.2
BLI, 7.0, 8.0, 6.0
BLN, 7.3, 10.2, 4.4
BLT, 15.4, 17.7, 13.1
BMD, 7.0, 8.0, 6.0
BMJ, 11.5, 13.2, 9.8
BMN, 8.3, 11.6, 5.0
BMV, 10.0, 14.0, 6.0
BPW, 10.0, 14.0, 6.0
BQB, 14.0, 19.6, 8.4
BRR, 14.0, 16.1, 11.9
BRS, 7.2, 10.0, 4.4
BSD, 41.5, 58.1, 24.9
BSG, 9.0, 10.3, 7.7
BSL, 15.6, 17.9, 13.3
BSP, 24.0, 27.6, 20.4
BSQ, 22.3, 25.6, 19.0
BSR, 26.6, 30.5, 22.7
BT1, 17.0, 23.8, 10.2
BT6, 4.7, 5.4, 4.0
BTB, 8.8, 10.1, 7.5
BTC, 61.0, 85.4, 36.6
BTD, 17.5, 20.1, 14.9
BTG, 6.0, 6.9, 5.1
BTH, 5.2, 5.9, 4.5
BTN, 12.1, 13.9, 10.3
BTR, 8.6, 12.0, 5.2
BTU, 6.6, 7.5, 5.7
BTV, 21.0, 24.1, 17.9
BVG, 2.2, 2.5, 1.9
BVN, 16.0, 18.4, 13.6
BWA, 8.5, 11.9, 5.1
BWS, 30.0, 34.5, 25.5
C12, 10.0, 11.5, 8.5
C21, 24.3, 27.9, 20.7
C36, 13.7, 19.1, 8.3
C71, 10.0, 11.5, 8.5
CAD, 0.8, 0.9, 0.7
CBI, 5.9, 8.2, 3.6
CBS, 15.0, 17.2, 12.8
CC1, 12.5, 14.3, 10.7
CC4, 12.7, 17.7, 7.7
CCH, 7.3, 10.2, 4.4
CCP, 20.1, 23.1, 17.1
CCR, 18.0, 25.2, 10.8
CCT, 10.0, 14.0, 6.0
CCV, 33.0, 37.9, 28.1
CDG, 15.0, 21.0, 9.0
CDH, 5.1, 5.8, 4.4
CDR, 12.3, 17.2, 7.4
CE1, 8.0, 9.2, 6.8
CEC, 7.8, 8.9, 6.7
CEG, 9.5, 10.9, 8.1
CER, 10.7, 14.9, 6.5
CFC, 6.1, 7.0, 5.2
CGP, 8.8, 10.1, 7.5
CGV, 2.1, 2.4, 1.8
CH5, 30.0, 42.0, 18.0
CHC, 10.0, 14.0, 6.0
CHS, 9.7, 11.1, 8.3
CI5, 9.1, 10.4, 7.8
CID, 2.2, 2.5, 1.9
CIP, 10.0, 14.0, 6.0
CKD, 13.0, 14.9, 11.1
CKH, 3.7, 4.2, 3.2
CLX, 10.5, 12.0, 9.0
CMF, 123.1, 172.3, 73.9
CMK, 10.4, 14.5, 6.3
CMN, 46.2, 53.1, 39.3
CMP, 9.6, 13.4, 5.8
CMW, 10.6, 14.8, 6.4
CNC, 42.3, 48.6, 36.0
CNH, 11.7, 16.3, 7.1
CNN, 14.2, 16.3, 12.1
CNT, 4.0, 4.6, 3.4
CPH, 8.3, 11.6, 5.0
CPI, 1.4, 1.6, 1.2
CQT, 2.8, 3.2, 2.4
CT3, 7.1, 8.1, 6.1
CTN, 0.8, 0.9, 0.7
CTR, 24.9, 28.6, 21.2
CTW, 6.3, 8.8, 3.8
CVC, 10.5, 14.7, 6.3
CVH, 12.6, 17.6, 7.6
CXH, 8.0, 11.2, 4.8
CYC, 1.9, 2.1, 1.7
CZC, 9.4, 10.8, 8.0
DAC, 13.0, 14.9, 11.1
DAP, 17.0, 19.5, 14.5
DAR, 8.6, 9.8, 7.4
DAS, 3.6, 5.0, 2.2
DBD, 50.4, 57.9, 42.9
DBH, 10.0, 11.5, 8.5
DBM, 29.0, 33.3, 24.7
DBW, 10.0, 14.0, 6.0
DC1, 12.9, 14.8, 11.0
DCD, 8.5, 9.7, 7.3
DCF, 11.3, 12.9, 9.7
DCI, 13.9, 15.9, 11.9
DCT, 0.7, 0.8, 0.6
DDH, 6.0, 8.4, 3.6
DDM, 0.8, 0.9, 0.7
DDN, 14.0, 16.1, 11.9
DDV, 6.7, 7.7, 5.7
DFC, 32.6, 37.4, 27.8
DGT, 11.0, 12.6, 9.4
DHB, 2.9, 3.3, 2.5
DHD, 24.8, 28.5, 21.1
DLD, 7.5, 10.5, 4.5
DLT, 11.6, 16.2, 7.0
DNA, 20.2, 23.2, 17.2
DND, 18.0, 20.7, 15.3
DNE, 8.0, 11.2, 4.8
DNH, 20.9, 24.0, 17.8
DNL, 12.0, 13.8, 10.2
DNN, 5.8, 8.1, 3.5
DNR, 9.3, 13.0, 5.6
DNS, 12.0, 13.8, 10.2
DNW, 13.0, 14.9, 11.1
DOC, 11.0, 12.6, 9.4
DOP, 13.6, 19.0, 8.2
DP2, 10.8, 12.4, 9.2
DPG, 59.4, 68.3, 50.5
DPH, 27.9, 32.0, 23.8
DPP, 12.9, 14.8, 11.0
DRI, 10.8, 12.4, 9.2
DSC, 47.7, 54.8, 40.6
DSG, 10.0, 14.0, 6.0
DSS, 10.0, 14.0, 6.0
DSV, 5.0, 5.7, 4.3
DT4, 10.0, 14.0, 6.0
DTC, 14.5, 16.6, 12.4
DTG, 21.1, 24.2, 18.0
DTI, 13.0, 14.9, 11.1
DTK, 14.0, 19.6, 8.4
DTN, 3.0, 4.2, 1.8
DTV, 14.6, 20.4, 8.8
DVC, 10.4, 11.9, 8.9
DVH, 8.7, 12.1, 5.3
DVN, 21.6, 24.8, 18.4
DXL, 2.7, 3.1, 2.3
EAD, 16.5, 23.1, 9.9
EFI, 3.4, 3.9, 2.9
EIC, 8.2, 9.4, 7.0
EIN, 2.9, 3.3, 2.5
EME, 14.0, 16.1, 11.9
EMG, 17.8, 20.4, 15.2
EMS, 53.8, 61.8, 45.8
EPH, 9.0, 10.3, 7.7
FBA, 0.9, 1.0, 0.8
FBC, 21.0, 24.1, 17.9
FCC, 11.0, 15.4, 6.6
FCS, 10.0, 11.5, 8.5
FDG, 1.3, 1.4, 1.2
FHN, 40.5, 56.7, 24.3
FOX, 70.8, 81.4, 60.2
FRM, 10.2, 14.2, 6.2
FSC, 11.2, 15.6, 6.8
FSO, 11.8, 16.5, 7.1
FT1, 62.5, 71.8, 53.2
FTI, 9.2, 10.5, 7.9
G20, 1.6, 1.8, 1.4
G36, 5.9, 6.7, 5.1
GCB, 6.1, 7.0, 5.2
GDW, 15.0, 17.2, 12.8
GEG, 14.0, 16.1, 11.9
GER, 4.1, 4.7, 3.5
GGG, 0.6, 0.7, 0.5
GGS, 10.0, 14.0, 6.0
GHC, 37.2, 42.7, 31.7
GLW, 13.2, 18.4, 8.0
GND, 26.1, 30.0, 22.2
GSM, 10.8, 12.4, 9.2
GTC, 3.5, 4.9, 2.1
GTD, 10.0, 14.0, 6.0
GTH, 5.1, 5.8, 4.4
GTS, 8.0, 9.2, 6.8
GTT, 0.4, 0.5, 0.3
GVT, 9.5, 10.9, 8.1
H11, 9.7, 11.1, 8.3
HAB, 12.2, 14.0, 10.4
HAC, 3.9, 4.4, 3.4
HAF, 18.2, 20.9, 15.5
HAM, 18.0, 20.7, 15.3
HAN, 12.0, 13.8, 10.2
HAV, 2.9, 3.3, 2.5
HBD, 12.1, 13.9, 10.3
HBH, 4.0, 5.6, 2.4
HC3, 27.8, 31.9, 23.7
HCI, 4.5, 5.1, 3.9
HCS, 7.0, 8.0, 6.0
HD2, 13.2, 15.1, 11.3
HDM, 25.1, 28.8, 21.4
HDO, 0.7, 0.8, 0.6
HDP, 16.0, 18.4, 13.6
HDW, 8.0, 9.2, 6.8
HEC, 12.4, 14.2, 10.6
HEJ, 12.3, 14.1, 10.5
HEM, 12.9, 14.8, 11.0
HEP, 10.0, 14.0, 6.0
HES, 13.0, 14.9, 11.1
HFB, 10.2, 11.7, 8.7
HFC, 13.3, 15.2, 11.4
HFS, 29.7, 41.5, 17.9
HFT, 23.4, 26.9, 19.9
HFX, 1.4, 1.9, 0.9
HGW, 15.3, 21.4, 9.2
HHA, 88.4, 123.7, 53.1
HHN, 11.4, 15.9, 6.9
HHR, 9.8, 13.7, 5.9
HHV, 10.9, 12.5, 9.3
HIG, 6.1, 7.0, 5.2
HJC, 3.0, 4.2, 1.8
HKP, 5.2, 5.9, 4.5
HLA, 0.3, 0.4, 0.2
HLB, 70.0, 80.5, 59.5
HLE, 10.1, 14.1, 6.1
HLR, 5.4, 7.5, 3.3
HLS, 23.5, 32.9, 14.1
HMG, 7.2, 10.0, 4.4
HMS, 31.0, 35.6, 26.4
HNA, 10.0, 11.5, 8.5
HNB, 14.5, 16.6, 12.4
HND, 10.5, 12.0, 9.0
HNF, 41.5, 47.7, 35.3
HNI, 34.4, 39.5, 29.3
HNP, 29.9, 34.3, 25.5
HNT, 4.1, 5.7, 2.5
HPB, 9.5, 10.9, 8.1
HPD, 18.7, 21.5, 15.9
HPH, 10.0, 14.0, 6.0
HPI, 14.9, 17.1, 12.7
HPP, 46.7, 53.7, 39.7
HPT, 9.0, 10.3, 7.7
HPU, 15.0, 21.0, 9.0
HPW, 13.3, 15.2, 11.4
HRB, 22.6, 31.6, 13.6
HRG, 6.6, 9.2, 4.0
HRT, 5.2, 5.9, 4.5
HSA, 52.3, 60.1, 44.5
HSI, 1.2, 1.3, 1.1
HTE, 7.0, 8.0, 6.0
HTG, 21.6, 24.8, 18.4
HTR, 10.0, 11.5, 8.5
HTU, 10.1, 14.1, 6.1
HTW, 10.0, 14.0, 6.0
HU4, 6.9, 7.9, 5.9
HU6, 6.7, 7.7, 5.7
HUG, 10.9, 15.2, 6.6
HVN, 50.3, 57.8, 42.8
I10, 0.8, 1.1, 0.5
ICC, 51.5, 59.2, 43.8
ICI, 9.0, 12.6, 5.4
ICN, 29.0, 33.3, 24.7
IDC, 24.0, 27.6, 20.4
IDN, 17.0, 23.8, 10.2
IFC, 11.0, 12.6, 9.4
IFS, 8.0, 9.2, 6.8
IHK, 16.0, 18.4, 13.6
IKH, 10.6, 12.1, 9.1
ILA, 12.7, 14.6, 10.8
IME, 10.7, 12.3, 9.1
IN4, 70.0, 80.5, 59.5
IPA, 16.6, 19.0, 14.2
IRC, 12.6, 17.6, 7.6
ISG, 1.9, 2.1, 1.7
ISH, 14.0, 16.1, 11.9
IST, 16.3, 18.7, 13.9
ITS, 3.0, 3.4, 2.6
JOS, 2.4, 3.3, 1.5
KBE, 18.0, 25.2, 10.8
KCB, 3.1, 3.5, 2.7
KCE, 17.0, 19.5, 14.5
KDF, 58.2, 66.9, 49.5
KGM, 10.0, 11.5, 8.5
KGU, 28.1, 32.3, 23.9
KHD, 13.6, 19.0, 8.2
KHW, 12.4, 17.3, 7.5
KIP, 16.0, 22.4, 9.6
KLB, 9.9, 11.3, 8.5
KOS, 21.2, 24.3, 18.1
KSE, 11.5, 16.1, 6.9
KSV, 10.0, 11.5, 8.5
KTB, 1.9, 2.1, 1.7
KTL, 25.0, 28.7, 21.3
KTU, 13.8, 19.3, 8.3
L12, 5.7, 7.9, 3.5
L45, 3.3, 3.7, 2.9
L63, 6.3, 7.2, 5.4
LAI, 10.0, 11.5, 8.5
LAW, 13.4, 18.7, 8.1
LBC, 11.0, 12.6, 9.4
LCC, 3.1, 4.3, 1.9
LCW, 10.0, 14.0, 6.0
LG9, 10.0, 14.0, 6.0
LIC, 7.6, 8.7, 6.5
LKW, 15.3, 17.5, 13.1
LLM, 20.0, 23.0, 17.0
LM3, 1.1, 1.2, 1.0
LMC, 14.5, 16.6, 12.4
LMI, 10.1, 11.6, 8.6
LPB, 16.0, 18.4, 13.6
LQN, 9.5, 13.3, 5.7
LTG, 41.4, 47.6, 35.2
LWS, 10.4, 14.5, 6.3
M10, 35.0, 40.2, 29.8
MC3, 10.0, 14.0, 6.0
MCH, 89.1, 102.4, 75.8
MCI, 5.3, 6.0, 4.6
MCT, 16.6, 23.2, 10.0
MDA, 10.0, 14.0, 6.0
MDF, 7.9, 9.0, 6.8
MEF, 1.2, 1.6, 0.8
MES, 10.0, 14.0, 6.0
MGC, 6.5, 9.1, 3.9
MGG, 45.0, 51.7, 38.3
MH3, 23.0, 26.4, 19.6
MIC, 4.7, 5.4, 4.0
MIE, 10.1, 14.1, 6.1
MIG, 13.0, 14.9, 11.1
MKP, 79.0, 90.8, 67.2
MLC, 9.7, 13.5, 5.9
MLN, 2.3, 2.6, 2.0
MMC, 1.2, 1.3, 1.1
MND, 10.0, 14.0, 6.0
MPC, 91.7, 105.4, 78.0
MPY, 10.5, 14.7, 6.3
MQB, 10.0, 14.0, 6.0
MRF, 20.2, 23.2, 17.2
MSR, 32.8, 37.7, 27.9
MTA, 1.8, 2.0, 1.6
MTC, 9.7, 13.5, 5.9
MTG, 4.0, 4.6, 3.4
MTH, 11.3, 12.9, 9.7
MTL, 13.9, 19.4, 8.4
MTM, 2.6, 2.9, 2.3
MTP, 16.0, 22.4, 9.6
MTS, 16.3, 22.8, 9.8
MTV, 10.9, 12.5, 9.3
MVB, 12.3, 14.1, 10.5
MVC, 10.7, 12.3, 9.1
MVY, 3.2, 3.6, 2.8
NAC, 5.0, 7.0, 3.0
NAP, 10.0, 14.0, 6.0
NAS, 32.5, 37.3, 27.7
NAW, 14.0, 19.6, 8.4
NBE, 5.5, 6.3, 4.7
NBR, 9.0, 10.3, 7.7
NBT, 6.1, 7.0, 5.2
NCP, 5.1, 5.8, 4.4
NCS, 49.4, 56.8, 42.0
ND2, 20.0, 23.0, 17.0
NDC, 32.0, 44.8, 19.2
NDP, 26.4, 30.3, 22.5
NED, 9.8, 11.2, 8.4
NHH, 77.6, 89.2, 66.0
NHT, 45.6, 52.4, 38.8
NHV, 14.5, 16.6, 12.4
NLS, 10.8, 15.1, 6.5
NMK, 10.5, 12.0, 9.0
NNB, 10.0, 14.0, 6.0
NNG, 6.9, 7.9, 5.9
NNT, 17.5, 20.1, 14.9
NOS, 0.7, 0.8, 0.6
NPH, 14.1, 19.7, 8.5
NPS, 7.8, 8.9, 6.7
NQB, 9.9, 13.8, 6.0
NQT, 8.0, 11.2, 4.8
NS2, 21.0, 24.1, 17.9
NS3, 48.0, 55.2, 40.8
NSG, 11.5, 13.2, 9.8
NTB, 0.5, 0.6, 0.4
NTC, 83.3, 95.7, 70.9
NTR, 6.0, 8.4, 3.6
NTT, 12.3, 17.2, 7.4
NTW, 27.6, 31.7, 23.5
NUE, 9.0, 10.3, 7.7
NVP, 6.3, 8.8, 3.8
NWT, 6.0, 8.4, 3.6
OIL, 22.7, 26.1, 19.3
ONW, 16.4, 18.8, 14.0
PAI, 10.0, 14.0, 6.0
PBK, 10.0, 14.0, 6.0
PCC, 18.0, 20.7, 15.3
PCF, 10.0, 14.0, 6.0
PCM, 5.1, 7.1, 3.1
PDV, 5.7, 6.5, 4.9
PEC, 10.3, 11.8, 8.8
PEQ, 33.0, 37.9, 28.1
PFL, 1.3, 1.4, 1.2
PHH, 12.0, 13.8, 10.2
PIA, 29.0, 33.3, 24.7
PID, 6.3, 8.8, 3.8
PIS, 11.5, 13.2, 9.8
PJS, 13.3, 15.2, 11.4
PKR, 6.7, 7.7, 5.7
PLA, 4.6, 5.2, 4.0
PMJ, 18.2, 25.4, 11.0
PMT, 4.2, 4.8, 3.6
PND, 13.2, 15.1, 11.3
PNG, 14.3, 16.4, 12.2
PNT, 8.9, 10.2, 7.6
POB, 10.1, 14.1, 6.1
POS, 12.5, 14.3, 10.7
POV, 9.5, 10.9, 8.1
POW, 17.1, 19.6, 14.6
PPG, 0.8, 0.9, 0.7
PPH, 16.0, 18.4, 13.6
PRO, 7.5, 8.6, 6.4
PSB, 4.1, 4.7, 3.5
PSG, 0.4, 0.5, 0.3
PSL, 36.8, 42.3, 31.3
PSN, 8.5, 9.7, 7.3
PSP, 7.4, 8.5, 6.3
PTE, 7.4, 8.5, 6.3
PTG, 1.5, 2.1, 0.9
PTH, 11.2, 12.8, 9.6
PTK, 1.7, 1.9, 1.5
PTM, 5.4, 6.2, 4.6
PTO, 13.0, 14.9, 11.1
PTP, 10.5, 12.0, 9.0
PTT, 6.9, 7.9, 5.9
PVA, 0.6, 0.7, 0.5
PVH, 1.2, 1.3, 1.1
PVM, 10.9, 12.5, 9.3
PVO, 7.5, 8.6, 6.4
PVP, 7.0, 8.0, 6.0
PVR, 2.9, 3.3, 2.5
PVY, 2.4, 2.7, 2.1
PWS, 8.3, 9.5, 7.1
PX1, 10.0, 14.0, 6.0
PXC, 0.4, 0.5, 0.3
PXL, 2.7, 3.1, 2.3
PXM, 0.4, 0.5, 0.3
PYU, 11.5, 16.1, 6.9
QBR, 9.0, 12.6, 5.4
QCC, 8.5, 9.7, 7.3
QHW, 23.8, 27.3, 20.3
QLD, 10.0, 14.0, 6.0
QLT, 11.5, 13.2, 9.8
QNS, 63.3, 72.7, 53.9
QNU, 10.0, 11.5, 8.5
QNW, 9.2, 12.8, 5.6
QPH, 16.5, 18.9, 14.1
QSP, 8.1, 9.3, 6.9
QTP, 8.0, 9.2, 6.8
RAT, 8.2, 11.4, 5.0
RBC, 14.6, 20.4, 8.8
RCC, 16.0, 18.4, 13.6
RCD, 20.6, 23.6, 17.6
RGC, 10.9, 12.5, 9.3
RHN, 9.2, 12.8, 5.6
RLC, 10.0, 14.0, 6.0
RTB, 13.0, 14.9, 11.1
RTH, 6.0, 6.9, 5.1
RTS, 10.0, 11.5, 8.5
S12, 1.0, 1.1, 0.9
S27, 5.8, 6.6, 5.0
S33, 31.0, 35.6, 26.4
S96, 0.6, 0.7, 0.5
SAC, 20.1, 23.1, 17.1
SAL, 10.0, 11.5, 8.5
SAS, 29.4, 33.8, 25.0
SB1, 13.1, 15.0, 11.2
SBD, 13.6, 15.6, 11.6
SBL, 21.9, 25.1, 18.7
SBM, 30.0, 34.5, 25.5
SBS, 2.8, 3.2, 2.4
SCC, 1.9, 2.1, 1.7
SCH, 12.7, 17.7, 7.7
SCO, 4.2, 4.8, 3.6
SCS, 160.5, 184.5, 136.5
SCY, 13.0, 18.2, 7.8
SD1, 2.3, 2.6, 2.0
SD3, 2.6, 2.9, 2.3
SD8, 0.4, 0.5, 0.3
SDB, 1.3, 1.4, 1.2
SDH, 0.9, 1.0, 0.8
SDI, 99.7, 114.6, 84.8
SDJ, 7.2, 8.2, 6.2
SDK, 35.4, 40.7, 30.1
SDV, 15.7, 18.0, 13.4
SDX, 6.8, 9.5, 4.1
SDY, 7.5, 10.5, 4.5
SEA, 15.8, 18.1, 13.5
SEP, 9.1, 10.4, 7.8
SGN, 138.6, 159.3, 117.9
SGP, 12.0, 13.8, 10.2
SGS, 22.3, 25.6, 19.0
SHC, 4.3, 4.9, 3.7
SHG, 2.4, 2.7, 2.1
SHX, 5.0, 7.0, 3.0
SID, 19.5, 22.4, 16.6
SIV, 52.0, 59.8, 44.2
SJG, 8.0, 9.2, 6.8
SJM, 0.9, 1.0, 0.8
SKH, 23.8, 27.3, 20.3
SKV, 22.0, 25.3, 18.7
SLC, 6.0, 6.9, 5.1
SMB, 30.9, 35.5, 26.3
SNC, 11.1, 12.7, 9.5
SNZ, 15.5, 17.8, 13.2
SON, 8.7, 10.0, 7.4
SP2, 8.8, 10.1, 7.5
SPA, 15.0, 17.2, 12.8
SPB, 62.0, 86.8, 37.2
SPC, 24.0, 27.6, 20.4
SPD, 6.7, 7.7, 5.7
SPH, 14.9, 20.8, 9.0
SPV, 8.2, 9.4, 7.0
SQC, 84.0, 117.6, 50.4
SRB, 1.7, 1.9, 1.5
SRT, 5.0, 5.7, 4.3
SSF, 6.1, 7.0, 5.2
SSG, 1.6, 2.2, 1.0
SSN, 18.1, 20.8, 15.4
SSU, 7.0, 9.8, 4.2
STL, 0.5, 0.6, 0.4
STS, 19.4, 22.3, 16.5
STU, 16.0, 18.4, 13.6
STV, 12.9, 14.8, 11.0
SUM, 10.7, 14.9, 6.5
SVG, 9.0, 10.3, 7.7
SVH, 12.8, 14.7, 10.9
SVL, 18.9, 26.4, 11.4
SWC, 11.8, 13.5, 10.1
SZE, 7.7, 8.8, 6.6
T12, 28.0, 39.2, 16.8
TA3, 12.0, 16.8, 7.2
TA6, 5.5, 6.3, 4.7
TAP, 9.8, 13.7, 5.9
TAW, 39.2, 54.8, 23.6
TB8, 10.0, 14.0, 6.0
TBD, 43.0, 49.4, 36.6
TBN, 10.7, 14.9, 6.5
TBT, 1.1, 1.2, 1.0
TCJ, 2.8, 3.9, 1.7
TCK, 10.0, 14.0, 6.0
TCW, 21.0, 24.1, 17.9
TDB, 39.5, 45.4, 33.6
TDM, 15.7, 18.0, 13.4
TDS, 13.3, 15.2, 11.4
TEC, 7.0, 9.8, 4.2
TEL, 10.8, 12.4, 9.2
TGP, 7.0, 8.0, 6.0
THN, 10.0, 14.0, 6.0
THR, 6.4, 7.3, 5.5
THU, 12.5, 17.5, 7.5
THW, 19.5, 22.4, 16.6
TIS, 12.5, 14.3, 10.7
TL4, 6.5, 7.4, 5.6
TLP, 14.8, 17.0, 12.6
TLT, 11.1, 12.7, 9.5
TMG, 45.5, 52.3, 38.7
TMW, 12.9, 14.8, 11.0
TNB, 5.4, 6.2, 4.6
TND, 10.6, 12.1, 9.1
TNM, 3.1, 3.5, 2.7
TNP, 9.2, 10.5, 7.9
TNS, 3.2, 3.6, 2.8
TNW, 9.9, 11.3, 8.5
TOP, 1.3, 1.4, 1.2
TOT, 9.9, 13.8, 6.0
TPS, 22.5, 31.5, 13.5
TQN, 36.0, 41.4, 30.6
TRS, 59.0, 67.8, 50.2
TRT, 10.0, 14.0, 6.0
TS3, 10.0, 14.0, 6.0
TS5, 10.0, 14.0, 6.0
TSD, 10.0, 14.0, 6.0
TSG, 9.7, 13.5, 5.9
TSJ, 18.5, 25.9, 11.1
TTD, 63.9, 73.4, 54.4
TTG, 5.5, 6.3, 4.7
TTJ, 32.2, 37.0, 27.4
TTN, 5.2, 5.9, 4.5
TTP, 32.2, 37.0, 27.4
TTR, 31.0, 35.6, 26.4
TTS, 6.0, 8.4, 3.6
TTV, 9.0, 12.6, 5.4
TUG, 5.7, 6.5, 4.9
TVA, 18.1, 20.8, 15.4
TVB, 23.6, 27.1, 20.1
TVG, 0.9, 1.2, 0.6
TVM, 5.0, 7.0, 3.0
TVN, 10.5, 12.0, 9.0
TVP, 45.0, 51.7, 38.3
TVU, 6.8, 9.5, 4.1
TVW, 18.5, 21.2, 15.8
TW3, 16.2, 22.6, 9.8
UCT, 10.0, 14.0, 6.0
UDJ, 6.8, 7.8, 5.8
UEM, 36.0, 50.4, 21.6
UMC, 10.0, 14.0, 6.0
UPC, 16.1, 18.5, 13.7
UPH, 26.4, 30.3, 22.5
USC, 7.8, 8.9, 6.7
V11, 0.5, 0.6, 0.4
V15, 0.5, 0.6, 0.4
VAV, 73.0, 83.9, 62.1
VBG, 10.6, 14.8, 6.4
VBH, 24.9, 28.6, 21.2
VC5, 1.2, 1.3, 1.1
VCA, 14.9, 17.1, 12.7
VCE, 8.0, 11.2, 4.8
VCP, 29.5, 33.9, 25.1
VCT, 5.4, 6.2, 4.6
VCW, 38.0, 43.7, 32.3
VCX, 1.9, 2.1, 1.7
VDN, 9.3, 10.6, 8.0
VDT, 20.5, 23.5, 17.5
VEC, 6.8, 7.8, 5.8
VEE, 10.0, 14.0, 6.0
VEF, 57.9, 66.5, 49.3
VES, 1.0, 1.1, 0.9
VET, 41.1, 47.2, 35.0
VFC, 12.0, 13.8, 10.2
VFR, 5.3, 6.0, 4.6
VGG, 56.1, 64.5, 47.7
VGL, 5.9, 6.7, 5.1
VGT, 14.6, 16.7, 12.5
VGV, 10.1, 11.6, 8.6
VHD, 7.4, 8.5, 6.3
VHF, 17.1, 19.6, 14.6
VHH, 2.0, 2.3, 1.7
VIB, 41.6, 47.8, 35.4
VIF, 17.3, 19.8, 14.8
VIH, 24.0, 27.6, 20.4
VIM, 10.0, 11.5, 8.5
VIN, 11.0, 12.6, 9.4
VIR, 10.0, 11.5, 8.5
VIW, 6.0, 6.9, 5.1
VKD, 19.0, 21.8, 16.2
VKP, 0.5, 0.6, 0.4
VLB, 34.3, 39.4, 29.2
VLC, 18.2, 20.9, 15.5
VLF, 0.5, 0.6, 0.4
VLG, 5.7, 6.5, 4.9
VLP, 10.8, 15.1, 6.5
VLW, 11.5, 16.1, 6.9
VMA, 12.0, 13.8, 10.2
VMG, 2.4, 2.7, 2.1
VNA, 1.4, 1.6, 1.2
VNB, 17.5, 20.1, 14.9
VNH, 1.0, 1.1, 0.9
VNI, 7.6, 8.7, 6.5
VNN, 8.2, 11.4, 5.0
VNP, 5.5, 6.3, 4.7
VNX, 4.2, 4.8, 3.6
VOC, 17.9, 20.5, 15.3
VPA, 5.7, 7.9, 3.5
VPC, 1.0, 1.1, 0.9
VPR, 15.6, 17.9, 13.3
VPW, 11.1, 15.5, 6.7
VQC, 11.5, 13.2, 9.8
VRG, 6.0, 6.9, 5.1
VSG, 1.3, 1.4, 1.2
VSN, 49.7, 57.1, 42.3
VSP, 1.1, 1.2, 1.0
VST, 0.9, 1.0, 0.8
VT1, 11.0, 12.6, 9.4
VT8, 15.0, 17.2, 12.8
VTA, 7.0, 8.0, 6.0
VTG, 8.5, 11.9, 5.1
VTI, 2.5, 2.8, 2.2
VTM, 21.8, 30.5, 13.1
VTX, 14.8, 17.0, 12.6
VVN, 5.5, 6.3, 4.7
VWS, 15.6, 17.9, 13.3
WSB, 51.5, 59.2, 43.8
WTC, 2.2, 2.5, 1.9
WTN, 10.0, 14.0, 6.0
X18, 5.0, 5.7, 4.3
X77, 0.3, 0.4, 0.2
XHC, 24.6, 28.2, 21.0
XMD, 4.1, 5.7, 2.5
XPH, 7.0, 8.0, 6.0
YBC, 19.5, 27.3, 11.7
YRC, 8.6, 12.0, 5.2
YTC, 44.3, 50.9, 37.7